DisplayName,UserPrincipalName,MailNickname,Password,Group
Usuario001 Demo,usuario001@soporteksircom.onmicrosoft.com,usuario001,Graph123!,Tech Support
Usuario002 Demo,usuario002@soporteksircom.onmicrosoft.com,usuario002,Graph123!,Sales
Usuario003 Demo,usuario003@soporteksircom.onmicrosoft.com,usuario003,Graph123!,Sales
Usuario004 Demo,usuario004@soporteksircom.onmicrosoft.com,usuario004,Graph123!,Sales
Usuario005 Demo,usuario005@soporteksircom.onmicrosoft.com,usuario005,Graph123!,Sales
Usuario006 Demo,usuario006@soporteksircom.onmicrosoft.com,usuario006,Graph123!,Tech Support
Usuario007 Demo,usuario007@soporteksircom.onmicrosoft.com,usuario007,Graph123!,Logistics
Usuario008 Demo,usuario008@soporteksircom.onmicrosoft.com,usuario008,Graph123!,Logistics
Usuario009 Demo,usuario009@soporteksircom.onmicrosoft.com,usuario009,Graph123!,Tech Support
Usuario010 Demo,usuario010@soporteksircom.onmicrosoft.com,usuario010,Graph123!,Logistics
Usuario011 Demo,usuario011@soporteksircom.onmicrosoft.com,usuario011,Graph123!,Logistics
Usuario012 Demo,usuario012@soporteksircom.onmicrosoft.com,usuario012,Graph123!,Logistics
Usuario013 Demo,usuario013@soporteksircom.onmicrosoft.com,usuario013,Graph123!,Tech Support
Usuario014 Demo,usuario014@soporteksircom.onmicrosoft.com,usuario014,Graph123!,Tech Support
Usuario015 Demo,usuario015@soporteksircom.onmicrosoft.com,usuario015,Graph123!,Marketing
Usuario016 Demo,usuario016@soporteksircom.onmicrosoft.com,usuario016,Graph123!,Tech Support
Usuario017 Demo,usuario017@soporteksircom.onmicrosoft.com,usuario017,Graph123!,Logistics
Usuario018 Demo,usuario018@soporteksircom.onmicrosoft.com,usuario018,Graph123!,Sales
Usuario019 Demo,usuario019@soporteksircom.onmicrosoft.com,usuario019,Graph123!,Marketing
Usuario020 Demo,usuario020@soporteksircom.onmicrosoft.com,usuario020,Graph123!,Sales
Usuario021 Demo,usuario021@soporteksircom.onmicrosoft.com,usuario021,Graph123!,Marketing
Usuario022 Demo,usuario022@soporteksircom.onmicrosoft.com,usuario022,Graph123!,Marketing
Usuario023 Demo,usuario023@soporteksircom.onmicrosoft.com,usuario023,Graph123!,Sales
Usuario024 Demo,usuario024@soporteksircom.onmicrosoft.com,usuario024,Graph123!,Sales
Usuario025 Demo,usuario025@soporteksircom.onmicrosoft.com,usuario025,Graph123!,Marketing
Usuario026 Demo,usuario026@soporteksircom.onmicrosoft.com,usuario026,Graph123!,Marketing
Usuario027 Demo,usuario027@soporteksircom.onmicrosoft.com,usuario027,Graph123!,Marketing
Usuario028 Demo,usuario028@soporteksircom.onmicrosoft.com,usuario028,Graph123!,Tech Support
Usuario029 Demo,usuario029@soporteksircom.onmicrosoft.com,usuario029,Graph123!,Marketing
Usuario030 Demo,usuario030@soporteksircom.onmicrosoft.com,usuario030,Graph123!,Tech Support
Usuario031 Demo,usuario031@soporteksircom.onmicrosoft.com,usuario031,Graph123!,Logistics
Usuario032 Demo,usuario032@soporteksircom.onmicrosoft.com,usuario032,Graph123!,Sales
Usuario033 Demo,usuario033@soporteksircom.onmicrosoft.com,usuario033,Graph123!,Logistics
Usuario034 Demo,usuario034@soporteksircom.onmicrosoft.com,usuario034,Graph123!,Sales
Usuario035 Demo,usuario035@soporteksircom.onmicrosoft.com,usuario035,Graph123!,Logistics
Usuario036 Demo,usuario036@soporteksircom.onmicrosoft.com,usuario036,Graph123!,Tech Support
Usuario037 Demo,usuario037@soporteksircom.onmicrosoft.com,usuario037,Graph123!,Sales
Usuario038 Demo,usuario038@soporteksircom.onmicrosoft.com,usuario038,Graph123!,Tech Support
Usuario039 Demo,usuario039@soporteksircom.onmicrosoft.com,usuario039,Graph123!,Sales
Usuario040 Demo,usuario040@soporteksircom.onmicrosoft.com,usuario040,Graph123!,Logistics
Usuario041 Demo,usuario041@soporteksircom.onmicrosoft.com,usuario041,Graph123!,Sales
Usuario042 Demo,usuario042@soporteksircom.onmicrosoft.com,usuario042,Graph123!,Logistics
Usuario043 Demo,usuario043@soporteksircom.onmicrosoft.com,usuario043,Graph123!,Sales
Usuario044 Demo,usuario044@soporteksircom.onmicrosoft.com,usuario044,Graph123!,Tech Support
Usuario045 Demo,usuario045@soporteksircom.onmicrosoft.com,usuario045,Graph123!,Sales
Usuario046 Demo,usuario046@soporteksircom.onmicrosoft.com,usuario046,Graph123!,Tech Support
Usuario047 Demo,usuario047@soporteksircom.onmicrosoft.com,usuario047,Graph123!,Tech Support
Usuario048 Demo,usuario048@soporteksircom.onmicrosoft.com,usuario048,Graph123!,Logistics
Usuario049 Demo,usuario049@soporteksircom.onmicrosoft.com,usuario049,Graph123!,Tech Support
Usuario050 Demo,usuario050@soporteksircom.onmicrosoft.com,usuario050,Graph123!,Marketing
Usuario051 Demo,usuario051@soporteksircom.onmicrosoft.com,usuario051,Graph123!,Sales
Usuario052 Demo,usuario052@soporteksircom.onmicrosoft.com,usuario052,Graph123!,Logistics
Usuario053 Demo,usuario053@soporteksircom.onmicrosoft.com,usuario053,Graph123!,Logistics
Usuario054 Demo,usuario054@soporteksircom.onmicrosoft.com,usuario054,Graph123!,Logistics
Usuario055 Demo,usuario055@soporteksircom.onmicrosoft.com,usuario055,Graph123!,Sales
Usuario056 Demo,usuario056@soporteksircom.onmicrosoft.com,usuario056,Graph123!,Sales
Usuario057 Demo,usuario057@soporteksircom.onmicrosoft.com,usuario057,Graph123!,Logistics
Usuario058 Demo,usuario058@soporteksircom.onmicrosoft.com,usuario058,Graph123!,Logistics
Usuario059 Demo,usuario059@soporteksircom.onmicrosoft.com,usuario059,Graph123!,Marketing
Usuario060 Demo,usuario060@soporteksircom.onmicrosoft.com,usuario060,Graph123!,Marketing
Usuario061 Demo,usuario061@soporteksircom.onmicrosoft.com,usuario061,Graph123!,Sales
Usuario062 Demo,usuario062@soporteksircom.onmicrosoft.com,usuario062,Graph123!,Logistics
Usuario063 Demo,usuario063@soporteksircom.onmicrosoft.com,usuario063,Graph123!,Tech Support
Usuario064 Demo,usuario064@soporteksircom.onmicrosoft.com,usuario064,Graph123!,Tech Support
Usuario065 Demo,usuario065@soporteksircom.onmicrosoft.com,usuario065,Graph123!,Sales
Usuario066 Demo,usuario066@soporteksircom.onmicrosoft.com,usuario066,Graph123!,Marketing
Usuario067 Demo,usuario067@soporteksircom.onmicrosoft.com,usuario067,Graph123!,Sales
Usuario068 Demo,usuario068@soporteksircom.onmicrosoft.com,usuario068,Graph123!,Tech Support
Usuario069 Demo,usuario069@soporteksircom.onmicrosoft.com,usuario069,Graph123!,Sales
Usuario070 Demo,usuario070@soporteksircom.onmicrosoft.com,usuario070,Graph123!,Tech Support
Usuario071 Demo,usuario071@soporteksircom.onmicrosoft.com,usuario071,Graph123!,Tech Support
Usuario072 Demo,usuario072@soporteksircom.onmicrosoft.com,usuario072,Graph123!,Marketing
Usuario073 Demo,usuario073@soporteksircom.onmicrosoft.com,usuario073,Graph123!,Sales
Usuario074 Demo,usuario074@soporteksircom.onmicrosoft.com,usuario074,Graph123!,Sales
Usuario075 Demo,usuario075@soporteksircom.onmicrosoft.com,usuario075,Graph123!,Marketing
Usuario076 Demo,usuario076@soporteksircom.onmicrosoft.com,usuario076,Graph123!,Tech Support
Usuario077 Demo,usuario077@soporteksircom.onmicrosoft.com,usuario077,Graph123!,Logistics
Usuario078 Demo,usuario078@soporteksircom.onmicrosoft.com,usuario078,Graph123!,Sales
Usuario079 Demo,usuario079@soporteksircom.onmicrosoft.com,usuario079,Graph123!,Sales
Usuario080 Demo,usuario080@soporteksircom.onmicrosoft.com,usuario080,Graph123!,Logistics
Usuario081 Demo,usuario081@soporteksircom.onmicrosoft.com,usuario081,Graph123!,Sales
Usuario082 Demo,usuario082@soporteksircom.onmicrosoft.com,usuario082,Graph123!,Tech Support
Usuario083 Demo,usuario083@soporteksircom.onmicrosoft.com,usuario083,Graph123!,Tech Support
Usuario084 Demo,usuario084@soporteksircom.onmicrosoft.com,usuario084,Graph123!,Tech Support
Usuario085 Demo,usuario085@soporteksircom.onmicrosoft.com,usuario085,Graph123!,Logistics
Usuario086 Demo,usuario086@soporteksircom.onmicrosoft.com,usuario086,Graph123!,Marketing
Usuario087 Demo,usuario087@soporteksircom.onmicrosoft.com,usuario087,Graph123!,Marketing
Usuario088 Demo,usuario088@soporteksircom.onmicrosoft.com,usuario088,Graph123!,Marketing
Usuario089 Demo,usuario089@soporteksircom.onmicrosoft.com,usuario089,Graph123!,Tech Support
Usuario090 Demo,usuario090@soporteksircom.onmicrosoft.com,usuario090,Graph123!,Sales
Usuario091 Demo,usuario091@soporteksircom.onmicrosoft.com,usuario091,Graph123!,Marketing
Usuario092 Demo,usuario092@soporteksircom.onmicrosoft.com,usuario092,Graph123!,Tech Support
Usuario093 Demo,usuario093@soporteksircom.onmicrosoft.com,usuario093,Graph123!,Tech Support
Usuario094 Demo,usuario094@soporteksircom.onmicrosoft.com,usuario094,Graph123!,Sales
Usuario095 Demo,usuario095@soporteksircom.onmicrosoft.com,usuario095,Graph123!,Logistics
Usuario096 Demo,usuario096@soporteksircom.onmicrosoft.com,usuario096,Graph123!,Logistics
Usuario097 Demo,usuario097@soporteksircom.onmicrosoft.com,usuario097,Graph123!,Sales
Usuario098 Demo,usuario098@soporteksircom.onmicrosoft.com,usuario098,Graph123!,Tech Support
Usuario099 Demo,usuario099@soporteksircom.onmicrosoft.com,usuario099,Graph123!,Sales
Usuario100 Demo,usuario100@soporteksircom.onmicrosoft.com,usuario100,Graph123!,Sales
